课号,序号,俄语,中文,词类,词类2,词类3,性,变格法,结尾字母,动词的体,变位法,语音交替
1,1,сотру́дник,职员,名词,,,阳性,2,辅音,,,
1,2,наза́д,"向后, 以前",副词,,,,,,,,
1,3,ме́неджер,经理,名词,,,阳性,2,辅音,,,
1,4,для,为了,前置词,,,,,,,,
1,5,заме́на,替换,名词,,,阴性,1,а,,,
1,6,компа́ния,公司,名词,,,阴性,1,я,,,
1,7,встре́ча,"会面, 相遇",名词,,,阴性,1,а,,,
1,8,ви́деться,"见面, 遇见",动词,,,,,,未完成体,,
1,8,уви́деться,"见面, 遇见",动词,,,,,,完成体,,
1,10,ИКЕ́А,宜家,名词,,,阴性,不变格,,,,
1,11,фа́брика,工厂,名词,,,阴性,1,а,,,
1,12,отли́чно,很好; (学习成绩)优秀,副词,名词,,,,,,,
1,13,расти́,成长; 长大,动词,,,,,,未完成体,,
1,13,вы́расти,成长; 长大,动词,,,,,,完成体,,
1,15,дире́ктор,"厂长, 校长, 经理",名词,,,阳性,2,辅音,,,
1,16,жени́ться,"(男子)结婚, 娶妻",动词,,,,,,兼体动词,,
1,17,холосто́й,单身的,形容词,,,,,,,,
1,18,знако́мить,"介绍, 使认识",动词,,,,,,未完成体,,
1,18,познако́мить,"介绍, 使认识",动词,,,,,,完成体,,
1,20,обяза́тельно,"一定, 必要, 务必",副词,,,,,,,,
1,21,судьба́,命运,名词,,,阴性,1,а,,,
1,22,жизнь,生活,名词,,,阴性,3,ь,,,
1,23,пожива́ть,"生活, 度日",动词,,,,,,未完成体,,
1,24,перево́дческий,翻译的,形容词,,,,,,,,
1,25,отде́л,"处, 部门",名词,,,阳性,2,辅音,,,
1,26,зарпла́та,"工资, 薪水",名词,,,阴性,1,а,,,
1,27,ку́рсы,"培训班, 讲习班",名词,,,复数专用,复数专用,ы,,,
1,28,устра́иваться,"就业, 找到工作; 安置(好)",动词,,,,,,未完成体,,
1,28,устро́иться,"就业, 找到工作; 安置(好)",动词,,,,,,完成体,,
1,30,доста́точно,"足够, 充足",副词,,,,,,,,
1,31,норма́льно,正常地,副词,,,,,,,,
1,32,вся́кий,任何一个的; 各种各样的,代词,,,,,,,,
1,33,слу́чай,事件; 场合,名词,,,阳性,2,副词,,,
1,34,во вся́ком слу́чае,无论如何; 至少,,,,,,,,,
1,35,дово́льный,对...感到满意的,形容词,,,,,,,,
1,36,выходи́ть,走出; 来到; 嫁给,动词,,,,,,未完成体,,
1,36,вы́йти,走出; 来到; 嫁给,动词,,,,,,完成体,,
1,38,за́муж,出嫁,副词,,,,,,,,
1,39,вы́йти за́муж за кого́,"出嫁, 嫁给...",,,,,,,,,
1,40,компью́терный,计算机的,形容词,,,,,,,,
1,41,грани́ца,"界线, 国界",名词,,,阴性,1,а,,,
1,42,за грани́цей,在国外,,,,,,,,,
1,43,оконча́ние,毕业,名词,,,中性,2,е,,,
1,44,неме́цкий,德国人的,形容词,,,,,,,,
1,45,францу́зский,法国的; 法国人的,形容词,,,,,,,,
1,46,ока́нчивать,毕业; 结束,动词,,,,,,未完成体,,
1,46,око́нчить,毕业; 结束,动词,,,,,,完成体,,
1,48,называ́ться,"名字是, 叫做, 称做",动词,,,,,,未完成体,,
1,48,назва́ться,"名字是, 叫做, 称做",动词,,,,,,完成体,,
1,50,делово́й,业务的; 商务的,形容词,,,,,,,,
1,51,докуме́нт,文件; 证件,名词,,,阳性,2,辅音,,,
1,52,интере́с,兴趣,名词,,,阳性,2,辅音,,,
1,53,го́лос,嗓音; 歌喉,名词,,,阳性,2,辅音,,,
1,54,вид,种类,名词,,,阳性,2,辅音,,,
1,55,пла́вание,游泳,名词,,,中性,2,е,,,
1,56,навеща́ть,"看望, 拜访",动词,,,,,,未完成体,,
1,56,навести́ть,"看望, 拜访",动词,,,,,,完成体,,
1,58,иногда́,有时,副词,,,,,,,,
2,1,семе́йный,家庭的,形容词,,,,,,,,
2,2,альбо́м,相册,名词,,,阳性,2,辅音,,,
2,3,похо́жий,"像...的, 类似的",形容词,,,,,,,,
2,4,рове́сник,同龄人,名词,,,阳性,2,辅音,,,
2,5,ста́роста,"班长, 组长",名词,,,阳性,1,а,,,
2,6,слу́шать,"(听的命令式)喂, 哎",动词,,,,,,未完成体,,
2,6,послу́шать,"(听的命令式)喂, 哎",动词,,,,,,完成体,,
2,7,собира́ться,准备; 集合,动词,,,,,,未完成体,,
2,7,собра́ться,准备; 集合,动词,,,,,,完成体,,
2,9,зубно́й,"牙齿的, 牙科的",形容词,,,,,,,,
2,10,медсестра́,女护士,名词,,,阴性,1,а,,,
2,11,официа́нтка,(餐厅的)女服务员,名词,,,阴性,1,а,,,
2,12,жена́тый,(男子)已婚的; (指夫妻)结婚的,形容词,,,,,,,,
2,13,жена́т на ком,娶...为妻,,,,,,,,,
2,14,двою́родный,"表的, 堂的",形容词,,,,,,,,
2,15,аэропо́рт,飞机场,名词,,,阳性,2,辅音,,,
2,16,суперма́ркет,超市,名词,,,阳性,2,辅音,,,
2,17,за́мужем за кем,已嫁人,,,,,,,,,
2,18,"дво́е, двои́х, двои́м","两个, 二",数词,,,,,,,,
2,19,"тро́е, трои́х, трои́м","三个, 三",数词,,,,,,,,
2,20,везти́,走运,动词,,,,,,未完成体,,
2,20,повести́,走运,动词,,,,,,完成体,,
2,22,прекра́сный,"非常美的, 极好的",形容词,,,,,,,,
2,23,забо́тливый,体贴的,形容词,,,,,,,,
2,24,осо́бенно,"特别, 尤其",副词,,,,,,,,
2,25,вме́шиваться,干预,动词,,,,,,未完成体,,
2,25,вмеша́ться,干预,动词,,,,,,完成体,,
2,27,сове́т,"建议, 劝告",名词,,,阳性,2,辅音,,,
2,28,те́хника,技术,名词,,,阴性,1,а,,,
2,29,проводи́ть,度过,动词,,,,,,未完成体,,
2,29,провести́,度过,动词,,,,,,完成体,,
2,30,гара́ж,车库,名词,,,阳性,2,辅音,,,
2,31,шути́ть,开玩笑,动词,,,,,,未完成体,,
2,31,пошути́ть,开玩笑,动词,,,,,,完成体,,
2,33,анекдо́т,笑话,名词,,,阳性,2,辅音,,,
2,34,пережива́ть,"激动, 不安, 担心",动词,,,,,,未完成体,,
2,34,пережи́ть,"激动, 不安, 担心",动词,,,,,,完成体,,
2,35,хозя́йка,"女主人, 主妇",名词,,,阴性,1,а,,,
2,36,гото́вить,准备; 做饭,动词,,,,,,未完成体,,
2,36,пригото́вить,准备; 做饭,动词,,,,,,完成体,,
2,38,бу́дущий,未来的,形容词,,,,,,,,
2,39,балери́на,芭蕾舞女演员,名词,,,阴性,1,а,,,
2,40,быва́ть,常有; 常去,动词,,,,,,未完成体,,
2,40,побыва́ть,常有; 常去,动词,,,,,,完成体,,
2,41,принима́ть,"接待, 招待; 接诊",动词,,,,,,未完成体,,
2,41,приня́ть,"接待, 招待; 接诊",动词,,,,,,完成体,,
2,43,что́-нибудь,随便什么,代词,,,,,,,,
2,44,печь,"烤, 烙",动词,,,,,,未完成体,,
2,44,испе́чь,"烤, 烙",动词,,,,,,完成体,,
2,46,получа́ться,"结果是, (被)做成",动词,,,,,,未完成体,,
2,46,получи́ться,"结果是, (被)做成",动词,,,,,,完成体,,
2,48,блин,薄饼,名词,感叹词,,阳性,2,辅音,,,
2,49,торт,蛋糕,名词,,,阳性,2,辅音,,,
2,50,специали́ст,专家,名词,,,阳性,2,辅音,,,
2,51,тради́ция,传统,名词,,,阴性,1,я,,,
2,52,пра́вило,规则; 规矩,名词,,,中性,2,о,,,
2,53,забо́та,关心,名词,,,阴性,1,а,,,
2,54,прика́зывать,"命令, 吩咐",动词,,,,,,未完成体,,
2,54,приказа́ть,"命令, 吩咐",动词,,,,,,完成体,,
2,56,что́-то,"某事, (有个)什么东西",代词,,,,,,,,
2,57,храни́ть,保存; 保持; 保守,动词,,,,,,未完成体,,
2,57,сохрани́ть,保存; 保持; 保守,动词,,,,,,完成体,,
2,58,секре́т,秘密,名词,,,阳性,2,辅音,,,
2,59,пра́во на что,...权利,,,,,,,,,
2,60,права́,"(пра́во的复数)许可证, 证书, 执照",名词,,,复数专用,复数专用,а,,,
3,1,до́льше,(时间)更长,副词,,,,,,,,
3,2,продолжа́ться,"持续, 继续",动词,,,,,,未完成体,,
3,2,продо́лжиться,"持续, 继续",动词,,,,,,完成体,,
3,4,как раз,刚巧,副词,语气词,,,,,,,
3,5,молоде́ц,"棒小伙子; 好样的, 真能干",名词,,,阳性,2,辅音,,,
3,6,ю́го-за́пад,西南,名词,,,阳性,2,辅音,,,
3,7,се́ссия,"考试, 考期, 会议",名词,,,阴性,1,я,,,
3,8,после́дний,"最后的, 最近的, 最新的",形容词,名词,,,,,,,
3,9,грамма́тика,语法,名词,,,阴性,1,а,,,
3,10,дава́ться,"掌握, 学会",动词,,,,,,未完成体,,
3,10,да́ться,"掌握, 学会",动词,,,,,,完成体,,
3,12,труд,"费力, 努力; 劳动",名词,,,阳性,2,辅音,,,
3,13,пух,绒毛; 细毛,名词,,,阳性,2,辅音,,,
3,14,перо́,羽毛,名词,,,中性,2,о,,,
3,15,Ни пу́ха ни пера́!,祝你一帆风顺!祝你满载而归!,,,,,,,,,
3,16,чёрт,"鬼, 魔鬼",名词,,,阳性,2,辅音,,,
3,17,К чёрту!,见鬼去吧!,,,,,,,,,
3,18,четвёрка,四分,名词,,,阴性,1,а,,,
3,19,чте́ние,阅读,名词,,,中性,2,е,,,
3,20,ауди́рование,听力训练,名词,,,中性,2,е,,,
3,21,жела́ть,"祝愿, 希望",动词,,,,,,未完成体,,
3,21,пожела́ть,"祝愿, 希望",动词,,,,,,完成体,,
3,23,уда́ча,成功,名词,,,阴性,1,а,,,
3,24,успе́х,"成绩, 成功",名词,,,阳性,2,辅音,,,
3,25,благодари́ть,感谢,动词,,,,,,未完成体,,
3,25,поблагодари́ть,感谢,动词,,,,,,完成体,,
3,27,вычисли́тельный,计算的,形容词,,,,,,,,
3,28,гуманита́рий,人文科学工作者,名词,,,阳性,2,я,,,
3,29,то́чный,"精确的, 准确的, 精密的",形容词,,,,,,,,
3,30,нау́ка,科学,名词,,,阴性,1,а,,,
3,31,информа́тика,信息学,名词,,,阴性,1,а,,,
3,32,никогда́,什么时候也(不)从来(不),副词,,,,,,,,
3,33,како́й-нибудь,任何的; 不论什么样的,代词,,,,,,,,
3,34,кру́пный,"大型的, 大规模的",形容词,,,,,,,,
3,35,подава́ть,"提交, 呈送; 递给, 端给",动词,,,,,,未完成体,,
3,35,пода́ть,"提交, 呈送; 递给, 端给",动词,,,,,,完成体,,
3,37,вступи́тельный,"加入的, 进入的; 引言的",形容词,,,,,,,,
3,38,ко́нкурс,竞赛,名词,,,阳性,2,辅音,,,
3,39,отлича́ться,"与...不同, 与...有区别, 独特点是...",动词,,,,,,未完成体,,
3,39,отличи́ться,"与...不同, 与...有区别, 独特点是...",动词,,,,,,完成体,,
3,40,стро́гий,严格的,形容词,,,,,,,,
3,41,контро́ль,"检查, 监督",名词,,,阳性,2,辅音,,,
3,42,сторона́,"方面, 方向",名词,,,阴性,1,а,,,
3,43,со стороны́,从...方面,,,,,,,,,
3,44,чу́вствовать,"感觉, 感到",动词,,,,,,未完成体,,
3,44,почу́вствовать,"感觉, 感到",动词,,,,,,完成体,,
3,46,свобо́да,自由,名词,,,阴性,1,а,,,
3,47,гото́виться,准备,动词,,,,,,未完成体,,
3,47,подгото́виться,准备,动词,,,,,,完成体,,
3,48,семина́р,课堂讲座; 讲习班,名词,,,阳性,2,辅音,,,
3,49,бы́стро,很快,副词,,,,,,,,
3,50,дискоте́ка,迪厅; 迪斯科舞会,名词,,,阴性,1,а,,,
3,51,семе́стр,学期,名词,,,阳性,2,辅音,,,
3,52,экзаменацио́нный,考试的,形容词,,,,,,,,
3,53,е́ле,勉强,副词,,,,,,,,
3,54,е́ле-е́ле,十分勉强地,副词,,,,,,,,
3,55,тро́йка,三分,名词,,,阴性,1,а,,,
3,56,уда́р,打击,名词,,,阳性,2,辅音,,,
3,57,про́сто,"容易, 简单",副词,语气词,,,,,,,
3,58,сло́жный,复杂的,形容词,,,,,,,,
3,59,регуля́рно,"经常地, 定时地",副词,,,,,,,,
3,60,у́мный,聪明的,形容词,,,,,,,,
3,61,зада́ние,任务; 作业,名词,,,中性,2,е,,,
3,62,дипло́м,"证书, 毕业证书",名词,,,阳性,2,辅音,,,
3,63,соли́дный,"有声誉的, 有名望的; 有风度的",形容词,,,,,,,,
3,64,че́рез,经过,前置词,,,,,,,,
4,1,число́,数字; 日期,名词,,,中性,2,о,,,
4,2,вто́рник,星期二,名词,,,阳性,2,辅音,,,
4,3,та́нцы,舞会,名词,,,复数专用,复数专用,ы,,,
4,4,пя́тница,星期五,名词,,,阴性,1,а,,,
4,5,начина́ть,"开始, 着手",动词,,,,,,未完成体,,
4,5,нача́ть,"开始, 着手",动词,,,,,,完成体,,
4,7,официа́льно,正式地,副词,,,,,,,,
4,8,неофициа́льно,非正式地,副词,,,,,,,,
4,9,сто́лько,那么多; 那样,副词,代词,,,,,,,
4,10,наприме́р,比如说,副词,,,,,,,,
4,11,полови́на,"半个, 半",名词,,,阴性,1,а,,,
4,12,оди́ннадцатый,第11,数词,,,,,,,,
4,13,спорти́вный,体育运动的,形容词,,,,,,,,
4,14,успева́ть,来得及,动词,,,,,,未完成体,,
4,14,успе́ть,来得及,动词,,,,,,完成体,,
4,15,хозя́йство,经济; 家务,名词,,,中性,2,о,,,
4,16,че́тверть,四分之一; 一刻钟,名词,,,阴性,3,ь,,,
4,17,то́чно,准确地,副词,语气词,,,,,,,
4,18,проверя́ть,"检查, 审查",动词,,,,,,未完成体,,
4,18,прове́рить,"检查, 审查",动词,,,,,,完成体,,
4,20,отстава́ть,落后; (表)慢,动词,,,,,,未完成体,,
4,20,отста́ть,落后; (表)慢,动词,,,,,,完成体,,
4,22,ма́стер,"师傅, 工匠",名词,,,阳性,2,辅音,,,
4,23,окра́ина,边缘; 郊区,名词,,,阴性,1,а,,,
4,24,начина́ться,开始,动词,,,,,,未完成体,,
4,24,нача́ться,开始,动词,,,,,,完成体,,
4,26,у́тренний,早晨的,形容词,,,,,,,,
4,27,заря́дка,体操,名词,,,阴性,1,а,,,
4,28,чи́стить,"使清洁, 使干净",动词,,,,,,未完成体,,
4,28,почи́стить,"使清洁, 使干净",动词,,,,,,完成体,,
4,30,душ,淋浴,名词,,,阳性,2,辅音,,,
4,31,принима́ть душ,洗淋浴,,,,,,,,,
4,31,приня́ть душ,洗淋浴,,,,,,,,,
4,32,одева́ться,穿衣服,动词,,,,,,未完成体,,
4,32,оде́ться,穿衣服,动词,,,,,,完成体,,
4,34,полчаса́,半小时,名词,,,中性,特殊,а,,,
4,35,пацие́нт,患者,名词,,,阳性,2,辅音,,,
4,36,приём,"接待, 接诊",名词,,,阳性,2,辅音,,,
4,37,определённый,固定的,形容词,,,,,,,,
4,38,полдня́,"半天, 半日",名词,,,中性,特殊,я,,,
4,39,поро́й,有时,副词,,,,,,,,
4,40,по́здний,(很)晚的,形容词,,,,,,,,
4,41,обе́денный,中午的,形容词,,,,,,,,
4,42,переры́в,"暂时休息, 间歇",名词,,,阳性,2,辅音,,,
4,43,посеща́ть,"访问, 探望, 参观",动词,,,,,,未完成体,,
4,43,посети́ть,"访问, 探望, 参观",动词,,,,,,完成体,,
4,45,зака́нчиваться,"结束, -атся",动词,,,,,,未完成体,,
4,45,зако́нчиться,"结束, -атся",动词,,,,,,完成体,,
4,47,заходи́ть,"顺便去, 去取(东西)",动词,,,,,,未完成体,,
4,47,зайти́,"顺便去, 去取(东西)",动词,,,,,,完成体,,
4,49,проду́кты,食品,名词,,,复数专用,复数专用,ы,,,
4,50,переодева́ться,换衣服,动词,,,,,,未完成体,,
4,50,переоде́ться,换衣服,动词,,,,,,完成体,,
4,52,переда́ча,(电视、广播)节目,名词,,,阴性,1,а,,,
4,53,обсужда́ть,讨论,动词,,,,,,未完成体,,
4,53,обсуди́ть,讨论,动词,,,,,,完成体,,
4,55,но́вость,新闻,名词,,,阴性,3,ь,,,
4,56,спо́рить,争论,动词,,,,,,未完成体,,
4,56,поспо́рить,争论,动词,,,,,,完成体,,
4,57,поли́тика,政治,名词,,,阴性,1,а,,,
4,58,по́зже,比较晚,副词,,,,,,,,
4,59,ложи́ться,躺下,动词,,,,,,未完成体,,
4,59,лечь,躺下,动词,,,,,,完成体,,
4,61,спать,睡觉,动词,,,,,,未完成体,,
5,1,переезжа́ть,"越过, 驶过; 搬家",动词,,,,,,未完成体,,
5,1,перее́хать,"越过, 驶过; 搬家",动词,,,,,,完成体,,
5,3,се́веро-восто́к,东北,名词,,,阳性,2,辅音,,,
5,3,райо́н,地区,名词,,,阳性,2,辅音,,,
5,4,зе́лень,"绿草, 绿荫",名词,,,阴性,3,ь,,,
5,5,све́тлый,明亮的,形容词,,,,,,,,
5,6,новосе́лье,新居; 乔迁酒宴,名词,,,中性,2,е,,,
5,7,микрорайо́н,小区,名词,,,阳性,2,辅音,,,
5,8,ходьба́,步行,名词,,,阴性,1,а,,,
5,9,совсе́м,完全; 十分,副词,,,,,,,,
5,10,бли́зко,"附近, 近",副词,,,,,,,,
5,11,добира́ться,到达,动词,,,,,,未完成体,,
5,11,добра́ться,到达,动词,,,,,,完成体,,
5,12,туале́т,"盥洗室, 厕所",名词,,,阳性,2,辅音,,,
5,13,ва́нная,浴室,名词,,,阴性,形容词变格,я,,,
5,14,гости́ная,客厅,名词,,,阴性,形容词变格,я,,,
5,15,со́лнечный,"太阳的; 晴朗的, 有阳光的",形容词,,,,,,,,
5,16,рад,高兴,形容词,,,,,,,,
5,17,вещь,"物品, 东西",名词,,,阴性,3,ь,,,
5,18,перевози́ть,(从一处)运到(另一处),动词,,,,,,未完成体,,
5,18,перевезти́,(从一处)运到(另一处),动词,,,,,,完成体,,
5,19,ста́вить,"竖立, (竖着)摆放",动词,,,,,,未完成体,,
5,19,поста́вить,"竖立, (竖着)摆放",动词,,,,,,完成体,,
5,21,пи́сьменный,书写的; 书面的,形容词,,,,,,,,
5,22,этаже́рка,书架,名词,,,阴性,1,а,,,
5,23,дива́н,沙发,名词,,,阳性,2,辅音,,,
5,24,гардеро́б,衣柜,名词,,,阳性,2,辅音,,,
5,25,ле́вый,左边的,形容词,,,,,,,,
5,26,у́гол,"拐角, 拐弯处",名词,,,阳性,2,辅音,,,
5,27,сади́ться,"坐, 坐下; 乘上",动词,,,,,,未完成体,,
5,27,сесть,"坐, 坐下; 乘上",动词,,,,,,完成体,,
5,28,пить,"喝, 饮",动词,,,,,,未完成体,,
5,28,вы́пить,"喝, 饮",动词,,,,,,完成体,,
5,29,во́дка,伏特加酒,名词,,,阴性,1,а,,,
5,30,конья́к,白兰地,名词,,,阳性,2,辅音,,,
5,31,вино́,葡萄酒,名词,,,中性,2,о,,,
5,32,заку́ска,冷盘; 小吃; 小菜,名词,,,阴性,1,а,,,
5,33,икра́,鱼子酱,名词,,,阴性,1,а,,,
5,34,про́бовать,品尝; 尝试; 试试,动词,,,,,,未完成体,,
5,34,попро́бовать,品尝; 尝试; 试试,动词,,,,,,完成体,,
5,36,краб,螃蟹,名词,,,阳性,2,辅音,,,
5,37,гриб,蘑菇,名词,,,阳性,2,辅音,,,
5,38,хвата́ть,"足够, 够用",动词,,,,,,未完成体,,
5,38,хва́тить,"足够, 够用",动词,,,,,,完成体,,
5,40,тост,"祝酒词, 祝酒",名词,,,阳性,2,辅音,,,
5,41,аппети́т,"食欲, 胃口",名词,,,阳性,2,辅音,,,
5,42,горя́чий,"热的, 热烈的, 忙碌的",形容词,,,,,,,,
5,43,фи́рменный,"招牌的, 最拿手的",形容词,,,,,,,,
5,44,блю́до,菜肴,名词,,,中性,2,о,,,
5,45,солёный,腌的; 咸的,形容词,,,,,,,,
5,46,беспоко́иться,"担心, 费心",动词,,,,,,未完成体,,
5,46,обеспоко́иться,"担心, 费心",动词,,,,,,完成体,,
5,47,класть,"平放; 放入; (饭等)加, 放",动词,,,,,,未完成体,,
5,47,положи́ть,"平放; 放入; (饭等)加, 放",动词,,,,,,完成体,,
5,49,да́ма,女士,名词,,,阴性,1,а,,,
5,50,дру́жба,友谊,名词,,,阴性,1,а,,,
5,51,ку́рица,"鸡, 鸡肉",名词,,,阴性,1,а,,,
5,52,по-грузи́нски,格鲁吉亚式的,副词,,,,,,,,
5,53,из-за́,"从...后面, 从...外边",前置词,,,,,,,,
5,54,находи́ть,"找到, 捡到",动词,,,,,,未完成体,,
5,54,найти́,"找到, 捡到",动词,,,,,,完成体,,
5,55,поднима́ться,"登上, 上升",动词,,,,,,未完成体,,
5,55,подня́ться,"登上, 上升",动词,,,,,,完成体,,
5,56,лифт,电梯,名词,,,阳性,2,辅音,,,
5,57,ра́доваться,感到高兴,动词,,,,,,未完成体,,
5,57,обра́доваться,感到高兴,动词,,,,,,完成体,,
5,58,обра́доваться друг дру́гу,彼此感到高兴,,,,,,,,,
5,59,привози́ть,乘车(飞机等)带来,动词,,,,,,未完成体,,
5,59,привезти́,乘车(飞机等)带来,动词,,,,,,完成体,,
5,60,просто́рный,宽敞的,形容词,,,,,,,,
5,61,повести́,领着走,动词,,,,,,完成体,,
5,62,кре́сло,"软椅, 圈椅",名词,,,中性,2,о,,,
5,63,сто́лик,"小桌, 茶几",名词,,,阳性,2,辅音,,,
5,64,посреди́,在...中间,前置词,,,,,,,,
5,65,кру́глый,圆的,形容词,,,,,,,,
5,66,обме́ниваться,"交流, 交换",动词,,,,,,未完成体,,
5,66,обменя́ться,"交流, 交换",动词,,,,,,完成体,,
5,67,впечатле́ние,印象,名词,,,中性,2,е,,,
5,68,убира́ть,拿走; 收拾; 收获,动词,,,,,,未完成体,,
5,68,убра́ть,拿走; 收拾; 收获,动词,,,,,,完成体,,
5,70,пора́,"时候; 时刻; 到...的时候了, 是...的时候了",名词,副词,,阴性,1,а,,,
5,71,балко́н,阳台,名词,,,阳性,2,辅音,,,
5,72,у́зкий,窄的; 过瘦的,形容词,,,,,,,,
5,73,крова́ть,床,名词,,,阴性,3,ь,,,
5,74,ла́мпа,灯,名词,,,阴性,1,а,,,
5,75,па́пка,文件夹,名词,,,阴性,1,а,,,
5,76,ви́дно,"看得出, 显然",副词,形容词,,,,,,,
5,77,накрыва́ть,"盖上, 盖上",动词,,,,,,未完成体,,
5,77,накры́ть,"盖上, 盖上",动词,,,,,,完成体,,
5,78,накры́ть на стол,摆桌子(准备吃饭),,,,,,,,,
5,79,таре́лка,盘子,名词,,,阴性,1,а,,,
5,80,ви́лка,叉子,名词,,,阴性,1,а,,,
5,81,овощно́й,蔬菜的,形容词,,,,,,,,
5,82,мясно́й,肉的,形容词,,,,,,,,
5,83,ры́бный,鱼的,形容词,,,,,,,,
5,84,сажа́ть,让...坐下; 种植,动词,,,,,,未完成体,,
5,84,посади́ть,让...坐下; 种植,动词,,,,,,完成体,,
5,85,налива́ть,"倒, 斟",动词,,,,,,未完成体,,
5,85,нали́ть,"倒, 斟",动词,,,,,,完成体,,
5,87,выпива́ть,"喝下; 喝酒, 干杯",动词,,,,,,未完成体,,
5,87,вы́пить,"喝下; 喝酒, 干杯",动词,,,,,,完成体,,
5,88,десе́рт,甜品,名词,,,阳性,2,辅音,,,
5,89,пиро́г,馅饼,名词,,,阳性,2,辅音,,,
5,90,расспра́шивать,详细询问,动词,,,,,,未完成体,,
5,90,расспроси́ть,详细询问,动词,,,,,,完成体,,
5,91,уходи́ть,"离开, 走开",动词,,,,,,未完成体,,
5,91,уйти́,"离开, 走开",动词,,,,,,完成体,,
5,92,благодари́ть,"致谢, 感谢",动词,,,,,,未完成体,,
5,92,поблагодари́ть,"致谢, 感谢",动词,,,,,,完成体,,
5,94,попроща́ться,"告辞, 告别",动词,,,,,,完成体,,
5,95,провожа́ть,送行,动词,,,,,,未完成体,,
5,95,проводи́ть,送行,动词,,,,,,完成体,,
6,1,пла́вать,"游泳, 航行",动词,,,,,,未完成体,,
6,2,люби́тель,爱好者,名词,,,阳性,2,ь,,,
6,3,увлека́ться,"酷爱, 着迷",动词,,,,,,未完成体,,
6,3,увле́чься,"酷爱, 着迷",动词,,,,,,完成体,,
6,5,пинг-по́нг,乒乓球,名词,,,阳性,2,辅音,,,
6,6,хокке́й,冰球,名词,,,阳性,2,辅音,,,
6,7,бадминто́н,羽毛球,名词,,,阳性,2,辅音,,,
6,8,ката́ться,"滑, 骑, 乘",动词,,,,,,未完成体,,
6,9,коньки́,冰鞋,名词,,,复数专用,复数专用,и,,,
6,10,ката́ться на конька́х,滑冰,,,,,,,,,
6,11,лы́жи,滑雪板,名词,,,复数专用,复数专用,и,,,
6,12,ката́ться на лы́жах,滑雪,,,,,,,,,
6,13,гимна́стика,体操,名词,,,阴性,1,а,,,
6,14,насто́льный,"案头的, 桌上的",形容词,,,,,,,,
6,15,те́ннис,网球,名词,,,阳性,2,辅音,,,
6,16,насто́льный те́ннис,乒乓球,名词,,,阳性,2,辅音,,,
6,17,ката́ние,滑,名词,,,中性,2,е,,,
6,18,бег,跑步,名词,,,阳性,2,辅音,,,
6,19,метр,"米, 公尺",名词,,,阳性,2,辅音,,,
6,20,чемпио́н,冠军,名词,,,阳性,2,辅音,,,
6,21,занима́ть,"占, 占去, 占领",动词,,,,,,未完成体,,
6,21,заня́ть,"占, 占去, 占领",动词,,,,,,完成体,,
6,23,прыжо́к,跳跃,名词,,,阳性,2,辅音,,,
6,24,длина́,长度; 长短,名词,,,阴性,1,а,,,
6,25,высота́,高度,名词,,,阴性,1,а,,,
6,26,футбо́льный,足球的,形容词,,,,,,,,
6,27,матч,比赛,名词,,,阳性,2,辅音,,,
6,28,пропуска́ть,错过; 漏掉; 使通过,动词,,,,,,未完成体,,
6,28,пропусти́ть,错过; 漏掉; 使通过,动词,,,,,,完成体,,
6,30,пеки́нский,北京的,形容词,,,,,,,,
6,31,кома́нда,"队, 一队运动员",名词,,,阴性,1,а,,,
6,32,шанха́йский,上海的,形容词,,,,,,,,
6,33,конча́ться,"完成, 结束",动词,,,,,,未完成体,,
6,33,ко́нчиться,"完成, 结束",动词,,,,,,完成体,,
6,35,счёт,比分; 账单,名词,,,阳性,2,辅音,,,
6,36,по́льза,"好处, 益处",名词,,,阴性,1,а,,,
6,37,в (чью́) по́льзу,"......胜, 领先; 有利于......",,,,,,,,,
6,38,прои́грывать,"输, 输给",动词,,,,,,未完成体,,
6,38,проигра́ть,"输, 输给",动词,,,,,,完成体,,
6,40,ожида́ть,"预料, 期待",动词,,,,,,未完成体,,
6,41,выи́грывать,赢,动词,,,,,,未完成体,,
6,41,вы́играть,赢,动词,,,,,,完成体,,
6,43,соревнова́ние,比赛,名词,,,中性,2,е,,,
6,44,боле́ть,"生病; 捧场, 助威",动词,,,,,,未完成体,,
6,45,боле́ть за кого-что,"捧场,助威",,,,,,,,,
6,46,боле́льщик,"(运动场上)狂热的观众, 体育迷",名词,,,阳性,2,辅音,,,
6,47,вообще́,总的来说; 总之,副词,,,,,,,,
6,48,стра́стно,狂热地,副词,,,,,,,,
6,49,хокке́йный,冰球的,形容词,,,,,,,,
6,50,стра́стный,狂热的,形容词,,,,,,,,
6,51,фана́т,"狂热者, 对......入迷的人",名词,,,阳性,2,辅音,,,
6,52,еди́нственный,唯一的,形容词,,,,,,,,
6,53,серьёзно,认真地,副词,,,,,,,,
6,54,се́кция,"部, 组",名词,,,阴性,1,я,,,
6,55,появля́ться,出现,动词,,,,,,未完成体,,
6,55,появи́ться,出现,动词,,,,,,完成体,,
6,57,мечта́,"梦想, 幻想, 夙愿",名词,,,阴性,1,а,,,
6,58,кла́ссно,"高水平地, 技巧高超地",副词,,,,,,,,
6,59,мо́дный,时髦的,形容词,,,,,,,,
6,60,люби́мый,喜爱的,形容词,,,,,,,,
6,61,стро́йный,"身材匀称的, 苗条的",形容词,,,,,,,,
6,62,каза́ться,"样子像...; 觉得, 以为",动词,,,,,,未完成体,,
6,62,показа́ться,"样子像...; 觉得, 以为",动词,,,,,,完成体,,
6,64,профессиона́льно,"在行, 具有专业水平",副词,,,,,,,,
6,65,броса́ть,"放弃, 抛弃; 停止做",动词,,,,,,未完成体,,
6,65,бро́сить,"放弃, 抛弃; 停止做",动词,,,,,,完成体,,
6,67,терпе́ние,耐心,名词,,,中性,2,е,,,
6,68,запи́сываться,报名; 挂号; 注册,动词,,,,,,未完成体,,
6,68,записа́ться,报名; 挂号; 注册,动词,,,,,,完成体,,
6,70,регуля́рно,"按规律地, 定时地, 定期地",副词,,,,,,,,
6,71,тре́нер,教练,名词,,,阳性,2,辅音,,,
6,72,твёрдо,坚定地,副词,,,,,,,,
6,73,доводи́ть,"把...进行到; 引到, 带到",动词,,,,,,未完成体,,
6,73,довести́,"把...进行到; 引到, 带到",动词,,,,,,完成体,,
6,75,де́ло,事情; 事业,名词,,,中性,2,о,,,
6,76,до кого-чего,到;直到;...之前,,,,,,,,,
6,77,коне́ц,"末尾, 终点",名词,,,阳性,2,辅音,,,
6,78,довести́ де́ло до конца́,把事情进行到底,,,,,,,,,
6,79,цель,"目的, 目标",名词,,,阴性,3,ь,,,
6,80,хотя́,虽然; 不过,副词,,,,,,,,
6,81,хотя́ бы,哪怕...也好,,,,,,,,,
6,82,па́ртия,"(牌、棋类的)一局, 一盘; 党派",名词,,,阴性,1,я,,,
6,83,сумасше́дший,神经失常的; 疯子,形容词,名词,,,,,,,
6,84,добива́ться,达到...; 取得...,动词,,,,,,未完成体,,
6,84,доби́ться,达到...; 取得...,动词,,,,,,完成体,,
6,86,жале́ть,怜悯; 吝惜,动词,,,,,,未完成体,,
6,86,пожале́ть,怜悯; 吝惜,动词,,,,,,完成体,,
7,1,доезжа́ть,"乘车等到, 抵达",动词,,,,,,未完成体,,
7,1,дое́хать,"乘车等到, 抵达",动词,,,,,,完成体,,
7,3,культу́ра,"文化, 发展水平, 素养",名词,,,阴性,1,а,,,
7,4,милиционе́р,民警,名词,,,阳性,2,辅音,,,
7,5,проща́ть,原谅,动词,,,,,,未完成体,,
7,5,прости́ть,原谅,动词,,,,,,完成体,,
7,7,попада́ть,"来到, 走到",动词,,,,,,未完成体,,
7,7,попа́сть,"来到, 走到",动词,,,,,,完成体,,
7,9,отсю́да,"从这里, 由此",副词,,,,,,,,
7,10,тролле́йбус,无轨电车,名词,,,阳性,2,辅音,,,
7,11,ста́нция,"(火车, 地铁)站",名词,,,阴性,1,я,,,
7,12,проезжа́ть,"(乘车等)驶到, 驶过; 坐过",动词,,,,,,未完成体,,
7,12,прое́хать,"(乘车等)驶到, 驶过; 坐过",动词,,,,,,完成体,,
7,14,маршру́тка,小公共汽车,名词,,,阴性,1,а,,,
7,15,переса́дка,"换车, 换乘",名词,,,阴性,1,а,,,
7,16,переходи́ть,"走过, 通过; 转到",动词 ,,,,,,未完成体,,
7,16,перейти́,"走过, 通过; 转到",动词,,,,,,完成体,,
7,18,любо́й,任何的,形容词,名词,,,,,,,
7,19,прямо́й,"直的, 直达的",形容词,,,,,,,,
7,20,сообще́ние,交通,名词,,,中性,2,е,,,
7,21,прямо́е сообще́ние,直达交通,,,,,,,,,
7,22,приходи́ться,"不得不, 只能",动词,,,,,,未完成体,,
7,22,прийти́сь,"不得不, 只能",动词,,,,,,完成体,,
7,24,езда́,乘车,名词,,,阴性,1,а,,,
7,25,переса́живаться,换乘,动词,,,,,,未完成体,,
7,25,пересе́сть,换乘,动词,,,,,,完成体,,
7,27,коне́чный,终点的,形容词,,,,,,,,
7,28,сходи́ть,下来,动词,,,,,,未完成体,,
7,28,сойти́,下来,动词,,,,,,完成体,,
7,30,посо́льство,使馆,名词,,,中性,2,о,,,
7,31,довози́ть,"(乘车, 船等)送到, 拉到",动词,,,,,,未完成体,,
7,31,довезти́,"(乘车, 船等)送到, 拉到",动词,,,,,,完成体,,
7,33,счётчик,计价器,名词,,,阳性,2,ь,,,
7,34,приме́рно,"大约, 大概",副词,,,,,,,,
7,35,где́-то,在某一地方; 大约,副词,,,,,,,,
7,36,эй,"嗨, 喂 (招呼人的呼声)",感叹词,,,,,,,,
7,37,остана́вливаться,"停留, 停下",动词,,,,,,未完成体,,
7,37,останови́ться,"停留, 停下",动词,,,,,,完成体,,
7,39,вперёд,向前,副词,,,,,,,,
7,40,повора́чивать,"拐弯, 拐向",动词,,,,,,未完成体,,
7,40,поверну́ть,"拐弯, 拐向",动词,,,,,,完成体,,
7,42,напра́во,向右,副词,,,,,,,,
7,43,сле́дующий,"其次的, 下一个的",形容词,,,,,,,,
7,44,разреша́ть,允许; 解决,动词,,,,,,未完成体,,
7,44,разреши́ть,允许; 解决,动词,,,,,,完成体,,
7,46,по́льзоваться,"使用, 利用",动词,,,,,,未完成体,,
7,46,воспо́льзоваться,"使用, 利用",动词,,,,,,完成体,,
7,48,тра́нспорт,"运输, 交通",名词,,,阳性,2,辅音,,,
7,49,спуска́ться,"下来, 下降",动词,,,,,,未完成体,,
7,49,спусти́ться,"下来, 下降",动词,,,,,,完成体,,
7,51,вниз,向下,副词,,,,,,,,
7,52,ремо́нт,"维修, 修理",名词,,,阳性,2,辅音,,,
7,53,ле́стница,楼梯,名词,,,阴性,1,а,,,
7,54,авто́бусный,公共汽车的,形容词,,,,,,,,
7,55,подходи́ть,"走近; кому适合, 合身",动词,,,,,,未完成体,,
7,55,подойти́,"走近; кому适合, 合身",动词,,,,,,完成体,,
7,57,обы́чно,"通常, 平常",副词,,,,,,,,
7,58,наро́д,"人民, 人",名词,,,阳性,2,辅音,,,
7,59,входи́ть,"走入, 进入; 加入",动词,,,,,,未完成体,,
7,59,войти́,"走入, 进入; 加入",动词,,,,,,完成体,,
7,61,вестибю́ль,入口处的大厅; 前厅,名词,,,阳性,2,ь,,,
7,62,контролёр-автома́т,自动检票机,名词,,,阳性,2,辅音,,,
7,63,эскала́тор,自动扶梯,名词,,,阳性,2,辅音,,,
7,64,ваго́н,车厢,名词,,,阳性,2,辅音,,,
7,65,театра́льный,剧院的,形容词,,,,,,,,
7,66,расстоя́ние,距离,名词,,,中性,2,е,,,
7,67,води́тельский,"司机的, 驾驶员的",形容词,,,,,,,,
7,68,води́ть,"驾驶; 领, 拉",动词,,,,,,未完成体,,
7,69,предпочита́ть,"认为...比...更好, 更喜欢",动词,,,,,,未完成体,,
7,69,предпоче́сть,"认为...比...更好, 更喜欢",动词,,,,,,完成体,,
7,71,городско́й,城市的,形容词,,,,,,,,
7,72,пик,高峰,名词,,,阳性,2,辅音,,,
7,73,движе́ние,"运动, 交通",名词,,,中性,2,е,,,
7,74,про́бка,堵车,名词,,,阴性,1,а,,,
8,1,кли́мат,气候,名词,,,阳性,2,辅音,,,
8,2,прогно́з,"预报, 预测",名词,,,阳性,2,辅音,,,
8,3,тепло́,暖和; 零上气温; 暖和,名词,,,中性,2,о,,,
8,4,гра́дус,"度, 度数",名词,,,阳性,2,辅音,,,
8,5,прохла́дно,凉爽,副词,,,,,,,,
8,6,сла́бый,"体弱的, 微弱的",形容词,,,,,,,,
8,7,ю́жный,南方的,形容词,,,,,,,,
8,8,никуда́,哪里也(不),副词,,,,,,,,
8,9,род,"出身阶层, 出生地点",名词,,,阳性,2,辅音,,,
8,10,южа́нин,南方人,名词,,,阳性,2,辅音,,,
8,11,ро́дина,"祖国, 家乡",名词,,,阴性,1,а,,,
8,12,Уха́нь,武汉,名词,,,阳性,2,辅音,,,
8,13,тёплый,温暖的,形容词,,,,,,,,
8,14,дождь,雨,名词,,,阳性,2,ь,,,
8,15,Гуанчжо́у,广州,名词,,,阳性,2,辅音,,,
8,16,южа́нка,南方女人,名词,,,阴性,1,а,,,
8,17,северя́нин,北方人,名词,,,阳性,2,辅音,,,
8,18,северя́нка,北方女人,名词,,,阴性,1,а,,,
8,19,до́лгий,长时间的,形容词,,,,,,,,
8,20,сухо́й,"干燥的, 干旱的",形容词,,,,,,,,
8,21,пеки́нец,北京人,名词,,,阳性,2,辅音,,,
8,22,вре́мя го́да,季节,,,,,,,,,
8,23,золото́й,金色的; 极好的,形容词,,,,,,,,
8,24,зацвета́ть,开始开花,动词,,,,,,未完成体,,
8,24,зацвести́,开始开花,动词,,,,,,完成体,,
8,26,жара́,"热, 炎热",名词,,,阴性,1,а,,,
8,27,пра́вда,真理; (вводн.)的确,名词,副词,,阴性,1,а,,,
8,28,откры́тый,露天的,形容词,,,,,,,,
8,29,красота́,"美, 美貌; 妙极了",名词,,,阴性,1,а,,,
8,30,ассоции́роваться,与...联系起来,动词,,,,,,未完成体,,
8,31,моро́з,严寒,名词,,,阳性,2,辅音,,,
8,32,хо́лод,寒冷,名词,,,阳性,2,辅音,,,
8,33,традицио́нный,传统的,形容词,,,,,,,,
8,34,представле́ние,"认识, 概念; 观念",名词,,,中性,2,е,,,
8,35,сра́внивать,"比较, 相对照",动词,,,,,,未完成体,,
8,35,сравни́ть,"比较, 相对照",动词,,,,,,完成体,,
8,37,большинство́,"大多数, 大部分",名词,,,中性,2,о,,,
8,38,Евро́па,欧洲,名词,,,阴性,1,а,,,
8,39,достига́ть,达到,动词,,,,,,未完成体,,
8,39,дости́гнуть,达到,动词,,,,,,完成体,,
8,41,ми́нус,零下(指温度),名词,,,阳性,2,辅音,,,
8,42,европе́йский,欧洲的,形容词,,,,,,,,
8,43,часть,部分,名词,,,阴性,3,ь,,,
8,44,напомина́ть,"提醒, 使想起; 像...",动词,,,,,,未完成体,,
8,44,напо́мнить,"提醒, 使想起; 像...",动词,,,,,,完成体,,
8,46,мно́гий,很多的,形容词,,,,,,,,
8,47,посвяща́ть,"献给, 贡献",动词,,,,,,未完成体,,
8,47,посвяти́ть,"献给, 贡献",动词,,,,,,完成体,,
8,49,лу́чший,"最好的, 比较好的",形容词,,,,,,,,
8,50,лири́ческий,抒情的,形容词,,,,,,,,
8,51,стихотворе́ние,诗歌,名词,,,中性,2,е,,,
8,52,свя́занный,与...相关,形容词,,,,,,,,
8,53,Рождество́,圣诞节,名词,,,中性,2,о,,,
8,54,дождли́вый,"下雨的, 多雨的",形容词,,,,,,,,
8,55,межсезо́нье,季节交替期间,名词,,,中性,2,е,,,
8,56,осе́нний,秋天的,形容词,,,,,,,,
8,57,октя́брь,10月,名词,,,阳性,2,ь,,,
8,58,свети́ть,照耀,动词,,,,,,未完成体,,
8,59,после́дний,最后的,形容词,名词,,,,,,,
8,60,ле́тний,夏季的,形容词,,,,,,,,
8,61,со́лнышко,太阳,名词,,,中性,2,о,,,
8,62,при́нятый,"通常的, 照例的",形容词,,,,,,,,
8,63,ба́бий,"农妇的, 婆娘的",形容词,,,,,,,,
8,64,ба́бье ле́то,晴和的初秋,,,,,,,,,
8,65,листопа́д,"落叶, 落叶时节",名词,,,阳性,2,辅音,,,
8,66,жа́ркий,热的,形容词,,,,,,,,
8,67,пери́од,时期,名词,,,阳性,2,辅音,,,
8,68,непродолжи́тельный,"时间不长的, 短期的",形容词,,,,,,,,
8,69,шко́льный,学校的,形容词,,,,,,,,
8,70,о́тпуск,休息; 假期,名词,,,阳性,2,辅音,,,
8,71,о́тдых,休息,名词,,,阳性,2,辅音,,,
8,72,да́ча,别墅,名词,,,阴性,1,а,,,
8,73,наибо́лее,最,副词,,,,,,,,
8,74,популя́рный,"普及的, 流行的",形容词,,,,,,,,
8,75,пуга́ть,使...害怕,动词,,,,,,未完成体,,
8,75,испуга́ть,使...害怕,动词,,,,,,完成体,,
8,77,центра́льный,"中心的, 中央的",形容词,,,,,,,,
8,78,расстра́иваться,"伤心, 难过",动词,,,,,,未完成体,,
8,78,расстро́иться,"伤心, 难过",动词,,,,,,完成体,,
8,80,сме́ло,勇敢地,副词,,,,,,,,
9,1,выходно́й,休假的; 休息日,名词,形容词,,阳性,形容词变格,副词,,,
9,2,о́тдых,休息,名词,,,阳性,2,辅音,,,
9,3,куда́-нибудь,随便什么地方,副词,,,,,,,,
9,4,впро́чем,"可是, 不过; 其实, 还是",连接词,副词,,,,,,,
9,5,лес,"树林, 森林",名词,,,阳性,2,辅音,,,
9,6,купа́ться,"洗澡, 沐浴",动词,,,,,,未完成体,,
9,6,вы́купаться,"洗澡, 沐浴",动词,,,,,,完成体,,
9,8,лови́ть,"捕, 捉",动词,,,,,,未完成体,,
9,8,пойма́ть,"捕, 捉",动词,,,,,,完成体,,
9,10,загора́ть,晒黑,动词,,,,,,未完成体,,
9,10,загоре́ть,晒黑,动词,,,,,,完成体,,
9,12,ла́зить,(不定向)爬,动词,,,,,,未完成体,,
9,13,любова́ться,"欣赏, 观赏",动词,,,,,,未完成体,,
9,14,восхо́д,"(日, 月等的)出, 升",名词,,,阳性,2,辅音,,,
9,15,план,计划,名词,,,阳性,2,辅音,,,
9,16,Байка́л,贝加尔(湖),名词,,,阳性,2,辅音,,,
9,17,мысль,思想; 想法,名词,,,阴性,3,ь,,,
9,18,скуча́ть,"感到寂寞; 想念, 怀念",动词,,,,,,未完成体,,
9,18,соску́читься,"感到寂寞; 想念, 怀念",动词,,,,,,完成体,,
9,19,дыша́ть,呼吸,动词,,,,,,未完成体,,
9,19,подыша́ть,呼吸,动词,,,,,,完成体,,
9,20,во́здух,空气,名词,,,阳性,2,辅音,,,
9,21,зна́чит,"那么, 就是说",副词,连接词,,,,,,,
9,22,поле́зный,"有益的, 有好处的; 有用的",形容词,,,,,,,,
9,23,самолёт,飞机,名词,,,阳性,2,辅音,,,
9,24,прие́зд,"到达, 来到",名词,,,阳性,2,辅音,,,
9,25,С прие́здом!,欢迎到来!,,,,,,,,,
9,26,Во́лга,伏尔加河,名词,,,阴性,1,а,,,
9,27,теплохо́д,"内燃机船, 柴油机船",名词,,,阳性,2,辅音,,,
9,28,пейза́ж,"风景, 景色; 风景画",名词,,,阳性,2,辅音,,,
9,29,Со́чи,索契(俄罗斯黑海边的旅游城市),名词,,,阳性,2,辅音,,,
9,30,приро́да,(大)自然,名词,,,阴性,1,а,,,
9,31,возвраще́ние,"返回, 回来",名词,,,中性,2,е,,,
9,32,С возвраще́нием!,欢迎归来!,,,,,,,,,
9,33,чуде́сный,美妙的,形容词,,,,,,,,
9,34,шу́тка,玩笑,名词,,,阴性,1,а,,,
9,35,упрека́ть,"责备, 指责",动词,,,,,,未完成体,,
9,35,упрекну́ть,"责备, 指责",动词,,,,,,完成体,,
9,37,и́менно,"也就是, 确切说; 正是",副词,,,,,,,,
9,38,весе́нний,春天的,形容词,,,,,,,,
9,39,душа́,"心灵, 内心",名词,,,阴性,1,а,,,
9,40,хоте́ться,"想, 想要",动词,,,,,,未完成体,,
9,40,захоте́ться,"想, 想要",动词,,,,,,完成体,,
9,41,ра́достный,高兴的,形容词,,,,,,,,
9,42,ита́к,这样一来; 于是; 总之,副词,连接词,,,,,,,
9,43,фра́за,"句, 语句",名词,,,阴性,1,а,,,
9,44,зави́сеть,"受...支配, 依赖; 取决于...",动词,,,,,,未完成体,,
9,45,располага́ть,"拥有, 具有",动词,,,,,,未完成体,,
9,46,бу́дни,工作日,名词,,,复数专用,复数专用,и,,,
9,47,разгуля́ться,"散步消愁, 散心",动词,,,,,,完成体,,
9,48,ма́сса,"许多, 大量; 群众",名词,,,阴性,1,а,,,
9,49,объезжа́ть,(乘车等)走遍,动词,,,,,,未完成体,,
9,49,объе́здить,(乘车等)走遍,动词,,,,,,完成体,,
9,50,Пари́ж,巴黎,名词,,,阳性,2,辅音,,,
9,51,Ита́лия,意大利,名词,,,阴性,1,я,,,
9,52,кста́ти,恰好; 顺便,副词,,,,,,,,
9,53,трудого́лик,工作狂,名词,,,阳性,2,辅音,,,
9,54,пра́вильно,正确,副词,形容词,,,,,,,
9,55,организо́вывать,组织; 安排,动词,,,,,,未完成体,,
9,55,организова́ть,组织; 安排,动词,,,,,,完成体,,
9,56,пыта́ться,"试图, 企图",动词,,,,,,未完成体,,
9,56,попыта́ться,"试图, 企图",动词,,,,,,完成体,,
9,57,посло́вица,谚语,名词,,,阴性,1,а,,,
9,58,представля́ть,提交; 向...介绍; 想象,动词,,,,,,未完成体,,
9,58,предста́вить,提交; 向...介绍; 想象,动词,,,,,,完成体,,
9,59,зато́,但是,连词,,,,,,,,
9,60,поте́ха,"玩, 娱乐, 消遣",名词,,,阴性,1,а,,,
9,61,выта́скивать,"拖出, 拉出, 搬出",动词,,,,,,未完成体,,
9,61,вы́тащить,"拖出, 拉出, 搬出",动词,,,,,,完成体,,
9,62,пруд,"池塘, 水池",名词,,,阳性,2,辅音,,,
9,63,ры́бка,小鱼,名词,,,阴性,1,а,,,
9,64,скучнова́то,有些寂寞; 有点无聊,副词,,,,,,,,
10,1,случа́йно,偶然; 顺便问一下,副词,,,,,,,,
10,2,моби́льный,移动的,形容词,,,,,,,,
10,3,рабо́чий,办公的,形容词,,,,,,,,
10,4,запи́сывать,"记录下来, 给...注册",动词,,,,,,未完成体,,
10,4,записа́ть,"记录下来, 给...注册",动词,,,,,,完成体,,
10,5,дозва́ниваться,打通电话,动词,,,,,,未完成体,,
10,5,дозвони́ться,打通电话,动词,,,,,,完成体,,
10,6,ре́ктор,(大学)校长,名词,,,阳性,2,辅音,,,
10,7,гла́вный,主要的; 总的; 职位高的,形容词,,,,,,,,
10,8,пусть,"让..., 愿...",语气词,,,,,,,,
10,9,уезжа́ть,"(乘车等)动身, 离开",动词,,,,,,未完成体,,
10,9,уе́хать,"(乘车等)动身, 离开",动词,,,,,,完成体,,
10,10,спра́вочная,问讯处,名词,,,阴性,形容词变格,я,,,
10,11,прибыва́ть,"到达, 抵达",动词,,,,,,未完成体,,
10,11,прибы́ть,"到达, 抵达",动词,,,,,,完成体,,
10,12,рейс,航班,名词,,,阳性,2,辅音,,,
10,13,прилета́ть,"飞来, 飞到",动词,,,,,,未完成体,,
10,13,прилете́ть,"飞来, 飞到",动词,,,,,,完成体,,
10,14,расписа́ние,"时间表, 时刻表",名词,,,中性,2,е,,,
10,15,Шанха́й,上海,名词,,,阳性,2,辅音,,,
10,16,гости́ница,"旅馆, 饭店",名词,,,阴性,1,а,,,
10,17,кольцо́,"环, 圈; 戒指",名词,,,中性,2,о,,,
10,18,брони́ровать,专为某人保留(票、席位等),动词,,,,,,未完成体,,
10,18,заброни́ровать,专为某人保留(票、席位等),动词,,,,,,完成体,,
10,19,возмо́жный,可能的,形容词,,,,,,,,
10,20,интересова́ть,使...感兴趣,动词,,,,,,未完成体,,
10,21,па́спорт,护照,名词,,,阳性,2,辅音,,,
10,22,администра́тор,管理人员,名词,,,阳性,2,辅音,,,
10,23,телефо́нный,电话的,形容词,,,,,,,,
10,24,слу́жба,服务,名词,,,阴性,1,а,,,
10,25,тра́тить,"花费, 耗费",动词,,,,,,未完成体,,
10,25,потра́тить,"花费, 耗费",动词,,,,,,完成体,,
10,26,разгово́р,谈话,名词,,,阳性,2,辅音,,,
10,27,информа́ция,信息,名词,,,阴性,1,я,,,
10,28,воспи́тывать,"培养, 教育",动词,,,,,,未完成体,,
10,28,воспита́ть,"培养, 教育",动词,,,,,,完成体,,
10,29,снима́ть,"拿下, 摘下; 解除",动词,,,,,,未完成体,,
10,29,снять,"拿下, 摘下; 解除",动词,,,,,,完成体,,
10,30,тру́бка,话筒,名词,,,阴性,1,а,,,
10,31,говори́ть,"谈一谈, 谈一会儿",动词,,,,,,未完成体,,
10,31,поговори́ть,"谈一谈, 谈一会儿",动词,,,,,,完成体,,
10,32,существова́ть,存在,动词,,,,,,未完成体,,
10,33,предоставля́ть,"提供, 供给使用",动词,,,,,,未完成体,,
10,33,предоста́вить,"提供, 供给使用",动词,,,,,,完成体,,
10,34,услу́га,"服务, 帮助",名词,,,阴性,1,а,,,
10,35,необходи́мость,"必要性, 需要",名词,,,阴性,3,ь,,,
10,36,э́кстренный,"紧急的, 迫切的",形容词,,,,,,,,
10,37,пожа́рный,"火警的, 消防的",形容词,,,,,,,,
10,38,охра́на,"保护, 保卫, 警卫队",名词,,,阴性,1,а,,,
10,39,мили́ция,"民警机关, 民警局",名词,,,阴性,1,я,,,
10,40,благодаря́,"多亏, 由于",前置词,,,,,,,,
10,41,техни́ческий,技术的,形容词,,,,,,,,
10,42,сле́довать,"跟随; 应该, 应当",动词,,,,,,未完成体,,
10,43,та́кже,"同样地, 也",副词,连词,,,,,,,
10,44,апте́ка,"药房, 药店",名词,,,阴性,1,а,,,
10,45,лека́рство,药,名词,,,中性,2,о,,,
10,46,консульта́ция,咨询,名词,,,阴性,1,я,,,
10,47,пла́тный,收费的,形容词,,,,,,,,
10,48,меня́ть,"交换, 更换",动词,,,,,,未完成体,,
10,48,поменя́ть,"交换, 更换",动词,,,,,,完成体,,
10,49,о́тчество,父称,名词,,,中性,2,о,,,
10,50,да́та,日期,名词,,,阴性,1,а,,,
10,51,све́дение,(常用复数)消息,名词,,,,,,,,
10,52,спра́вочно-информацио́нный,问讯的,形容词,,,,,,,,
10,53,организа́ция,"组织, 机构, 机关",名词,,,阴性,1,я,,,
10,54,сообща́ть,通知; 宣布,动词,,,,,,未完成体,,
10,54,сообщи́ть,通知; 宣布,动词,,,,,,完成体,,
10,55,наоборо́т,相反,副词,,,,,,,,
10,56,оде́жда,"衣服, 服装",名词,,,阴性,1,а,,,
10,57,рассчи́тывать,"期望, 指望",动词,,,,,,未完成体,,
10,57,рассчита́ть,"期望, 指望",动词,,,,,,完成体,,
10,58,прогре́сс,进步,名词,,,阳性,2,辅音,,,
10,59,спра́вочник,"手册, 指南",名词,,,阳性,2,辅音,,,
11,1,в пло́хо,不好,,,,,,,,,
11,2,нездоро́виться,"不舒服, 有病",动词,,,,,,未完成体,,
11,3,стра́шный,"可怕的, 很厉害的",形容词,,,,,,,,
11,4,Ничего́ стра́шного,没什么可怕的 (没什么了不起的),,,,,,,,,
11,5,всё-таки,"仍然, 还是",,,,,,,,,
11,6,лицо́,"脸, 脸色; 气色",名词,,,中性,2,о,,,
11,7,На (ком) лица́ нет,(谁)脸色很难看,,,,,,,,,
11,8,уста́лость,"疲劳, 疲倦",名词,,,阴性,3,ь,,,
11,9,кружи́ться,旋转,动词,,,,,,未完成体,,
11,9,закружи́ться,旋转,动词,,,,,,完成体,,
11,10,Голова́ кру́жится (у кого́),(谁)头晕,,,,,,,,,
11,11,показа́ться,"去看病, 出现",动词,,,,,,完成体,,
11,12,терапе́вт,内科医生,名词,,,阳性,2,辅音,,,
11,13,го́рло,喉,名词,,,中性,2,о,,,
11,14,на́сморк,"伤风, 鼻炎",名词,,,阳性,2,辅音,,,
11,15,простужа́ться,"着凉, 感冒",动词,,,,,,未完成体,,
11,15,простуди́ться,"着凉, 感冒",动词,,,,,,完成体,,
11,16,наве́рно,"大概, 大约",副词,,,,,,,,
11,17,осма́тривать,"检查, 参观",动词,,,,,,未完成体,,
11,17,осмотре́ть,"检查, 参观",动词,,,,,,完成体,,
11,18,о́пытный,有经验的,形容词,,,,,,,,
11,19,медици́на,医学,名词,,,阴性,1,а,,,
11,20,хиру́рг,外科医生,名词,,,阳性,2,辅音,,,
11,21,ка́шель,咳嗽,名词,,,阳性,2,ь,,,
11,22,желу́док,胃,名词,,,阳性,2,辅音,,,
11,23,понижа́ться,"变矮, 下降, 降低",动词,,,,,,未完成体,,
11,23,пони́зиться,"变矮, 下降, 降低",动词,,,,,,完成体,,
11,24,начина́ющий,新的; 有能力的,形容词,,,,,,,,
11,25,внима́тельный,"细心的, 关心人的",形容词,,,,,,,,
11,26,вы́лечить,医治; 治愈,动词,,,,,,完成体,,
11,26,выле́чивать,医治; 治愈,动词,,,,,,未完成体,,
11,27,до́ктор,"医生, 大夫; 博士",名词,,,阳性,2,辅音,,,
11,28,жа́ловаться,"抱怨, 说(有病, 痛等)",动词,,,,,,未完成体,,
11,28,пожа́ловаться,"抱怨, 说(有病, 痛等)",动词,,,,,,完成体,,
11,29,сочу́вствовать,同情,动词,,,,,,未完成体,,
11,30,обраща́ться,"找..., 向...提出",动词,,,,,,未完成体,,
11,30,обрати́ться,"找..., 向...提出",动词,,,,,,完成体,,
11,31,На что́ вы жа́луетесь?,您哪儿不舒服?,,,,,,,,,
11,32,термо́метр,温度表; 体温表,名词,,,阳性,2,辅音,,,
11,33,измеря́ть,"测定, 测量",动词,,,,,,未完成体,,
11,33,изме́рить,"测定, 测量",动词,,,,,,完成体,,
11,34,па́дать,"跌倒, 跌落",动词,,,,,,未完成体,,
11,34,упа́сть,"跌倒, 跌落",动词,,,,,,完成体,,
11,35,дух,精神,名词,,,阳性,2,辅音,,,
11,36,Не па́дайте ду́хом!,不要泄气!,,,,,,,,,
11,37,грипп,流行性感冒,名词,,,阳性,2,辅音,,,
11,38,полежа́ть,躺一会(儿),动词,,,,,,完成体,,
11,39,бюллете́нь,"通报, 简报; 病假证明",名词,,,阳性,2,ь,,,
11,40,реце́пт,"处方, 药方",名词,,,阳性,2,辅音,,,
11,41,еда́,"吃, 进餐; 吃的东西",名词,,,阴性,1,а,,,
11,42,просту́да,"着凉, 感冒",名词,,,阴性,1,а,,,
11,43,воспале́ние,炎症,名词,,,中性,2,е,,,
11,44,лёгкие,肺,名词,,,,形容词变格,е,,,
11,45,неда́вно,不久,副词,,,,,,,,
11,46,за (ско́лько вре́мени) до (чего́),...(若干时间)前,前置词,,,,,,,,
11,47,че́рез (ско́лько вре́мени) по́сле (чего́),后(若干时间),前置词,,,,,,,,
11,48,аппендици́т,阑尾炎,名词,,,阳性,2,辅音 ,,,
11,49,уда́чно,成功地,副词,,,,,,,,
11,50,поправля́ться,"健康得恢复, 复元, 好转",动词,,,,,,未完成体,,
11,50,попра́виться,"健康得恢复, 复元, 好转",动词,,,,,,完成体,,
11,51,выпи́сываться,出院,动词,,,,,,未完成体,,
11,51,вы́писаться,出院,动词,,,,,,完成体,,
11,52,на днях,"日前, 近几天内",,,,,,,,,
11,53,отправля́ть,"寄, 派遣, 派出",动词,,,,,,未完成体,,
11,53,отпра́вить,"寄, 派遣, 派出",动词,,,,,,完成体,,
11,54,как бу́дто,"好像, 似乎",,,,,,,,,
11,55,повы́шенный,"提高了的, 高于正常的",形容词,,,,,,,,
11,56,боле́знь,疾病,名词,,,阴性,3,ь,,,
11,57,медици́нский,"医疗的, 医学的",形容词,,,,,,,,
11,58,лечи́ть,"医治, 治疗",动词,,,,,,未完成体,,
11,58,вы́лечить,"医治, 治疗",动词,,,,,,完成体,,
11,59,да́льше,"随后, 以后; 继续下去",副词,,,,,,,,
11,60,рак,癌症,名词,,,阳性,2,辅音,,,
11,61,пуга́ться,害怕,动词,,,,,,未完成体,,
11,61,испуга́ться,害怕,动词,,,,,,完成体,,
11,62,неподви́жно,"不动地, 一动不动地",副词,,,,,,,,
11,63,алфави́т,字母表,名词,,,阳性,2,辅音,,,
11,64,близору́кость,近视,名词,,,阴性,3,ь,,,
11,65,волнова́ться,激动起来; 焦急起来,动词,,,,,,未完成体,,
11,65,заволнова́ться,激动起来; 焦急起来,动词,,,,,,完成体,,
11,66,пра́ктика,实践; 实习,名词,,,阴性,1,а,,,
11,67,це́лый,"完整的, 完全的; 真正的",形容词,,,,,,,,
11,68,прожива́ть,"活(若干时间), 居住(若干时间)",动词,,,,,,未完成体,,
11,68,прожи́ть,"活(若干时间), 居住(若干时间)",动词,,,,,,完成体,,
11,69,пульс,脉搏,名词,,,阳性,2,辅音,,,
11,70,никако́й,"任何也(不), 无论什么样也(不)",代词,,,,,,,,
11,71,стра́шно,可怕地,副词,,,,,,,,
11,72,стари́к,"老人, 老头(儿)",名词,,,阳性,2,辅音,,,
11,73,коро́ткий,"短的, 简短的",形容词,,,,,,,,
11,74,бума́жка,一小块纸,名词,,,阴性,1,а,,,
11,75,отдава́ть,"交还, 交给",动词,,,,,,未完成体,,
11,75,отда́ть,"交还, 交给",动词,,,,,,完成体,,
11,77,карма́н,"衣袋, 衣兜",名词,,,阳性,2,辅音,,,
11,78,апте́карь,药剂师,名词,,,阳性,2,ь,,,
11,79,возвраща́ть,"还, 归还",动词,,,,,,未完成体,,
11,79,верну́ть,"还, 归还",动词,,,,,,完成体,,
11,80,продукто́вый,食品的,形容词,,,,,,,,
11,81,рестора́н,"饭店, 餐厅",名词,,,阳性,2,辅音,,,
11,82,удивле́ние,惊奇,名词,,,中性,2,е,,,
11,83,бифште́кс,煎牛排,名词,,,阳性,2,辅音,,,
11,84,буты́лка,玻璃瓶; 一瓶,名词,,,阴性,1,а,,,
11,85,прогу́лка,"散步, 游玩",名词,,,阴性,1,а,,,
11,86,спаса́ть,"救, 拯救",动词,,,,,,未完成体,,
11,86,спасти́,"救, 拯救",动词,,,,,,完成体,,
11,88,живо́й,"活的, 活着的; 活泼的",形容词,,,,,,,,
11,89,до сих по́р,至今,,,,,,,,,
12,1,руба́шка,衬衫,名词,,,阴性,1,а,,,
12,2,се́рый,灰色的,形容词,,,,,,,,
12,3,цвет,"颜色, 色, 色调",名词,,,阳性,2,辅音,,,
12,4,разме́р,"号码, 尺寸",名词,,,阳性,2,辅音,,,
12,5,ме́рить,试穿,动词,,,,,,未完成体,,
12,5,приме́рить,试穿,动词,,,,,,完成体,,
12,6,завора́чивать,"包起来, 包装",动词,,,,,,未完成体,,
12,6,заверну́ть,"包起来, 包装",动词,,,,,,完成体,,
12,7,ку́ртка,"(男式)上衣, 夹克衫",名词,,,阴性,1,а,,,
12,8,брю́ки,裤子,名词,,,复数专用,复数专用,и,,,
12,9,ко́фта,女短上衣,名词,,,阴性,1,а,,,
12,10,сви́тер,(套头的)高领毛线衣,名词,,,阳性,2,辅音,,,
12,11,блу́зка,(女式)衬衫,名词,,,阴性,1,а,,,
12,12,ю́бка,裙子,名词,,,阴性,1,а,,,
12,13,све́тлый,明亮的; 浅色的,形容词,,,,,,,,
12,14,тёмный,"黑暗的, 深色的",形容词,,,,,,,,
12,15,сороково́й,第40,数词,,,,,,,,
12,16,ту́фли,"鞋, 便鞋",名词,,,复数专用,复数专用,и,,,
12,17,тот,"那个, 那",代词,,,,,,,,
12,18,кори́чневый,棕色的,形容词,,,,,,,,
12,19,сапоги́,皮靴,名词,,,复数专用,复数专用,и,,,
12,20,кроссо́вки,"旅游鞋, 运动鞋",名词,,,复数专用,复数专用,и,,,
12,21,та́пки,平底便鞋,名词,,,复数专用,复数专用,и,,,
12,22,боти́нки,"(半高腰的)鞋, 皮鞋",名词,,,复数专用,复数专用,и,,,
12,23,чёрный,黑色的,形容词,,,,,,,,
12,24,жёлтый,黄色的,形容词,,,,,,,,
12,25,широ́кий,宽的; (指衣服、鞋帽等)肥大的,形容词,,,,,,,,
12,26,коро́бка,"盒, 盒子",名词,,,阴性,1,а,,,
12,27,па́чка,"一包, 一束",名词,,,阴性,1,а,,,
12,28,ко́фе,咖啡,名词,,,阳性,不变格,е,,,
12,29,грамм,克,名词,,,阳性,2,辅音,,,
12,30,деся́ток,"十, 十个",名词,,,阳性,2,辅音,,,
12,31,яйцо́,鸡蛋,名词,,,中性,2,о ,,,
12,32,плати́ть,"支付, 付款",动词,,,,,,未完成体,,
12,32,заплати́ть,"支付, 付款",动词,,,,,,完成体,,
12,33,чек,"付款小票, 取货单",名词,,,阳性,2,辅音,,,
12,34,пече́нье,饼干,名词,,,中性,2,е,,,
12,35,шокола́д,巧克力,名词,,,阳性,2,辅音,,,
12,36,соль,"盐, 食盐",名词,,,阴性,3,ь,,,
12,37,сигаре́та,香烟,名词,,,阴性,1,а,,,
12,38,кило́,公斤,名词,,,中性,不变格,о ,,,
12,39,опла́чивать,"付...钱, 付...费",动词,,,,,,未完成体,,
12,39,оплати́ть,"付...钱, 付...费",动词,,,,,,完成体,,
12,40,поку́пка,买的东西; 购物,名词,,,阴性,1,а,,,
12,41,во́зле,"在近旁, 在...旁边",前置词,,,,,,,,
12,42,креди́тный,信用的,形容词,,,,,,,,
12,43,специализи́рованный,专门的,形容词,,,,,,,,
12,44,о́бувь,鞋(集合名词),名词,,,阴性,3,ь,,,
12,45,та́к да́лее,等等,,,,,,,,,
12,46,моло́чный,乳制的,形容词,,,,,,,,
12,47,практи́чески,实际上,副词,,,,,,,,
12,48,ГУМ,国营百货商店,名词,,,阳性,不变格,辅音,,,
12,49,о́коло,周围; (предл.) 在旁边,前置词,,,,,,,,
12,50,назнача́ть,"规定, 约定, 指定",动词,,,,,,未完成体,,
12,50,назна́чить,"规定, 约定, 指定",动词,,,,,,完成体,,
12,51,ЦУМ,中央百货商店,名词,,,阳性,不变格,辅音,,,
12,52,арти́стка,女演员,名词,,,阴性,1,а,,,
12,53,устава́ть,"劳累, 疲倦",动词,,,,,,未完成体,,
12,53,уста́ть,"劳累, 疲倦",动词,,,,,,完成体,,
12,54,туристи́ческий,旅游的,形容词,,,,,,,,
12,55,инструме́нт,工具,名词,,,阳性,2,辅音,,,
12,56,уме́ть,会,动词,,,,,,未完成体,,
12,57,ре́дко,"极少, 不经常",副词,,,,,,,,
12,58,шу́ба,毛皮大衣,名词,,,阴性,1,а,,,
12,59,продаве́ц,售货员,名词,,,阳性,2,辅音,,,
12,60,продавщи́ца,女售货员,名词,,,阴性,1,а,,,
12,61,ошиба́ться,"弄错, 想错",动词,,,,,,未完成体,,
12,61,ошиби́ться,"弄错, 想错",动词,,,,,,完成体,,
12,62,симпати́чный,可爱的,形容词,,,,,,,,
12,63,ме́рить,试穿,动词,,,,,,未完成体,,
12,64,па́ра,一双,名词,,,阴性,1,а,,,
12,65,бога́тый,很有钱的; 丰富的,形容词,,,,,,,,
12,66,приноси́ть,"带来, 拿来",动词,,,,,,未完成体,,
12,66,принести́,"带来, 拿来",动词,,,,,,完成体,,
12,67,дешёвый,便宜的,形容词,,,,,,,,
12,68,арбу́з,西瓜,名词,,,阳性,2,辅音,,,
12,69,мы́шка,鼠标,名词,,,阴性,1,а,,,
12,70,при́нтер,打印机,名词,,,阳性,2,辅音,,,
12,71,огро́мный,大的,形容词,,,,,,,,
12,72,прести́жный,体面的; 高档的; 有威信的,形容词,,,,,,,,
12,73,вы́бор,选择; 可供选择的可能性,名词,,,阳性,2,辅音,,,
12,74,това́р,商品,名词,,,阳性,2,辅音,,,
12,75,внима́ние,注意; 关心,名词,,,中性,2,е,,,
12,76,покупа́тель,"顾客, 买主",名词,,,阳性,2,е,,,
12,77,обслу́живание,服务,名词,,,中性,2,е,,,
12,78,привлека́ть,"吸引, 引起兴趣, 引起注意",动词,,,,,,未完成体,,
12,78,привле́чь,"吸引, 引起兴趣, 引起注意",动词,,,,,,完成体,,
12,79,мне́ние,"看法, 观点",名词,,,中性,2,е,,,
12,80,не́который,"某种, 某一; 某些",形容词,,,,,,,,
12,81,лишь,"只, 仅仅; 只要",,,,,,,,,
